{
  "airFilterUnitFlowRate": 0.0047222222222222,
  "cultistAmuletBonusPercent": 15,
  "generatorFuelFlowRate": 0.0013194444444444,
  "generatorSpeedWithoutFuel": 0.07,
  "gpuBoostRate": 0.041225
}
